accuracy,precision,recall,f1
0.9375,0.938430050300628,0.9375,0.9374661882540656
0.5555555555555556,0.5525128254318568,0.5555555555555556,0.5529525594952233
