accuracy,precision,recall,f1
0.9375,0.938430050300628,0.9375,0.9374661882540656
