accuracy,precision,recall,f1
0.7065972222222222,0.7102699801953386,0.7065972222222222,0.7071147275241189
