accuracy,precision,recall,f1
0.9375,0.9392462432845099,0.9375,0.9370565129738316
0.7065972222222222,0.7102699801953386,0.7065972222222222,0.7071147275241189
