accuracy,precision,recall,f1
0.9375,0.9392462432845099,0.9375,0.9370565129738316
