accuracy,precision,recall,f1
0.6597222222222222,0.6605481243892702,0.6597222222222222,0.6570671075313939
0.5243055555555556,0.5319094347754079,0.5243055555555556,0.5226552040072773
