accuracy,precision,recall,f1
0.5243055555555556,0.5319094347754079,0.5243055555555556,0.5226552040072773
