accuracy,precision,recall,f1
0.6597222222222222,0.6605481243892702,0.6597222222222222,0.6570671075313939
