accuracy,precision,recall,f1
0.7118055555555556,0.7221303851565009,0.7118055555555556,0.7061765093008713
