accuracy,precision,recall,f1
0.6701388888888888,0.6670076884920635,0.6701388888888888,0.6601907443424585
