accuracy,precision,recall,f1
0.7118055555555556,0.7221303851565009,0.7118055555555556,0.7061765093008713
0.6701388888888888,0.6670076884920635,0.6701388888888888,0.6601907443424585
