accuracy,precision,recall,f1
0.6458333333333334,0.6449583559599671,0.6458333333333334,0.6415785359808269
0.5138888888888888,0.5206142106890179,0.5138888888888888,0.5122216396093506
