accuracy,precision,recall,f1
0.5138888888888888,0.5206142106890179,0.5138888888888888,0.5122216396093506
